{"cameraMode":{"drawMode":0,"name":"Shaded","section":"Shading Mode"},"sceneLighting":true,"audioPlay":false,"sceneViewState":{"m_AlwaysRefresh":false,"showFog":true,"showSkybox":true,"showFlares":true,"showImageEffects":true,"showParticleSystems":true,"showVisualEffectGraphs":true,"m_FxEnabled":true},"in2DMode":false,"pivot":{"x":-0.9945747256278992,"y":1.0658904314041138,"z":2.1209235191345217},"rotation":{"x":-0.16857126355171204,"y":-0.03696439415216446,"z":0.006144923623651266,"w":-0.9848581552505493},"size":2.766205310821533,"orthographic":false}